Patrik,Pusztai,RO12BUVT8123454781X,6000.590000,RON
Cristian,Pop,RO12BUVT7131254781F,870.400000,USD
Cristian,Pop,RO12BUVT48912435612X,2481.600000,RON
Cristian,Pop,RO12BUVT71961333523A,470.000000,USD
